split,count,mean,median
metadata,5,0.6666666666666667,1.0
test,3684,0.6260170991725337,0.7142857142857143
train,14987,0.6689631131246295,0.8571428571428571
valid,3466,0.7047288765346902,1.0
